{"low": {"increase_fairness": 447.08566980261634, "increase_wait": 199.6529993973468, "balance": 26.10206845487059}}