{"low": {"increase_fairness": 71.16404599300655, "increase_wait": 10.912570500000001, "balance": 26.10206845487059}}