{"low": {"increase_fairness": 136.78748018372804, "increase_wait": 30.625629830338912, "balance": 26.10206845487059}}