{"low": {"increase_fairness": 847.3378211880955, "increase_wait": 620.2379507883892, "balance": 607.5999290064981}, "high": {"increase_fairness": 23.642394000000003, "increase_wait": 0, "balance": 7.603854}}