{"low": {"increase_fairness": 542.8014968331119, "increase_wait": 199.6529993973468, "balance": 78.70303727134964}}