{"low": {"increase_fairness": 838.6128201839945, "increase_wait": 593.9806076460674, "balance": 580.810861322154}}