{"low": {"increase_fairness": 869.1740949423761, "increase_wait": 821.5122446945002, "balance": 800.1789517326079}}