{"low": {"increase_fairness": 847.3378211880955, "increase_wait": 620.2379507883892, "balance": 607.5999290064981}}