{"low": {"increase_fairness": 916.2621062772896, "increase_wait": 847.7232520530662, "balance": 853.5806707572698}}