{"low": {"increase_fairness": 860.3753069334932, "increase_wait": 860.7206205510473, "balance": 861.5805025970798}}