{"low": {"increase_fairness": 870.3102010701933, "increase_wait": 686.8459913258841, "balance": 677.6864499232004}, "high": {"increase_fairness": 278.2390648756889, "increase_wait": 69.22032147903847, "balance": 91.45953344961184}}