{"low": {"increase_fairness": 607.8788678145863, "increase_wait": 272.52503341580734, "balance": 195.53859526397488}}