{"low": {"increase_fairness": 925.9984433752521, "increase_wait": 918.9510784679675, "balance": 922.6214900778176}}