{"low": {"increase_fairness": 542.7350944629833, "increase_wait": 55.19714855101759, "balance": 121.80768984078166}}