{"low": {"increase_fairness": 847.3378211880955, "increase_wait": 620.2379507883892, "balance": 607.5999290064981}, "high": {"increase_fairness": 194.56257056383004, "increase_wait": 21.630125727296218, "balance": 28.08601983969315}}