{"low": {"increase_fairness": 863.0944917981047, "increase_wait": 804.6799418466213, "balance": 727.6076232154812}}